Training Function,Ideal Function,SSE
y1,y42,34.246594303368504
y2,y41,35.60184692481152
y3,y11,29.86183029016382
y4,y48,31.963434327891697
